{
  "000rO": {
    "factual_accuracy": 1.783760531901013,
    "concept_grounding": 4.992557488642559,
    "completeness": 2.4724847509842296,
    "relevance": 1.0655706603515598,
    "clarity": 4.870459381073354,
    "fluency": 4.999876590986737
  },
  "0CuSD": {
    "factual_accuracy": 2.7044584105317724,
    "concept_grounding": 4.982156010988339,
    "completeness": 3.7715347309285217,
    "relevance": 3.3892768720118416,
    "clarity": 4.99998329809256,
    "fluency": 4.999941706223129
  },
  "002GQ": {
    "factual_accuracy": 4.569622086254928,
    "concept_grounding": 4.99999383489325,
    "completeness": 4.672827425449234,
    "relevance": 3.0944087726107443,
    "clarity": 4.999988520796545,
    "fluency": 4.999978554343905
  },
  "0018S": {
    "factual_accuracy": 3.4067412446846026,
    "concept_grounding": 4.767901214304914,
    "completeness": 3.6040805602619725,
    "relevance": 2.4355884083741346,
    "clarity": 4.952561140667406,
    "fluency": 4.999569432999465
  },
  "003S3": {
    "factual_accuracy": 1.3472578089390916,
    "concept_grounding": 2.6572889524689383,
    "completeness": 2.5145185586244314,
    "relevance": 1.1527993991531729,
    "clarity": 4.999290128889283,
    "fluency": 4.999981073932833
  },
  "003nQ": {
    "factual_accuracy": 1.4171684519350978,
    "concept_grounding": 3.294554618668414,
    "completeness": 2.990526259464378,
    "relevance": 1.4023137254086073,
    "clarity": 4.996826627340915,
    "fluency": 4.999796569729538
  },
  "001m3": {
    "factual_accuracy": 2.6785268155270185,
    "concept_grounding": 4.862584089892963,
    "completeness": 4.51790056693201,
    "relevance": 3.1981497374430914,
    "clarity": 4.99991518645232,
    "fluency": 4.999975698588046
  },
  "001xl": {
    "factual_accuracy": 2.211072246226169,
    "concept_grounding": 4.993575179463603,
    "completeness": 2.8621880613989177,
    "relevance": 1.173319286558547,
    "clarity": 4.999972461809951,
    "fluency": 4.999959933471817
  },
  "004mT": {
    "factual_accuracy": 2.7492161449023547,
    "concept_grounding": 4.995833830987193,
    "completeness": 4.30360562289412,
    "relevance": 1.786400907059244,
    "clarity": 4.999769478939251,
    "fluency": 4.999968796577327
  },
  "002Cw": {
    "factual_accuracy": 3.4221172467618723,
    "concept_grounding": 4.999996242901096,
    "completeness": 4.969840443252271,
    "relevance": 2.8736847019026603,
    "clarity": 4.999841557756658,
    "fluency": 4.99990389293018
  },
  "002KJ": {
    "factual_accuracy": 2.496129057154436,
    "concept_grounding": 1.0142802487179077,
    "completeness": 2.7105036769137936,
    "relevance": 2.5266414804678305,
    "clarity": 4.991416749191747,
    "fluency": 4.999860159494858
  },
  "003wQ": {
    "factual_accuracy": 2.9258514629292605,
    "concept_grounding": 2.5390447935917413,
    "completeness": 3.53651650572909,
    "relevance": 3.1925121901235345,
    "clarity": 4.998830116207132,
    "fluency": 4.999569419175063
  },
  "001xO": {
    "factual_accuracy": 2.416347884821585,
    "concept_grounding": 4.0383855648587765,
    "completeness": 3.156333565094299,
    "relevance": 2.878744367885843,
    "clarity": 4.987567984079342,
    "fluency": 4.991421636604454
  },
  "008LT": {
    "factual_accuracy": 2.0842717173640732,
    "concept_grounding": 4.993243246067916,
    "completeness": 2.931859691102049,
    "relevance": 2.286902837383529,
    "clarity": 4.9947794533134475,
    "fluency": 4.999796572939013
  },
  "00Cwz": {
    "factual_accuracy": 1.9181422452921362,
    "concept_grounding": 4.6643947737708125,
    "completeness": 4.058455403759027,
    "relevance": 4.54030814055167,
    "clarity": 4.999820457593602,
    "fluency": 4.999619965252191
  },
  "000lC": {
    "factual_accuracy": 2.650095193883692,
    "concept_grounding": 4.494943075807534,
    "completeness": 3.2542263033159844,
    "relevance": 4.003573178307219,
    "clarity": 4.998967712163306,
    "fluency": 4.999664633649974
  },
  "001u3": {
    "factual_accuracy": 3.1118175202594873,
    "concept_grounding": 4.985689658683042,
    "completeness": 3.719713524058778,
    "relevance": 3.1905924346644094,
    "clarity": 4.999954601165184,
    "fluency": 4.999619994520697
  },
  "002bK": {
    "factual_accuracy": 4.917329791460314,
    "concept_grounding": 4.994688171037219,
    "completeness": 4.713100620448116,
    "relevance": 4.919590479708325,
    "clarity": 4.999915187771396,
    "fluency": 4.999796571221105
  },
  "002Ua": {
    "factual_accuracy": 1.7650519953906265,
    "concept_grounding": 3.84584153250031,
    "completeness": 3.6790655177835303,
    "relevance": 1.9633433638097761,
    "clarity": 4.878537954336427,
    "fluency": 4.998967348900184
  },
  "002p5": {
    "factual_accuracy": 4.245464118379041,
    "concept_grounding": 4.999441776897238,
    "completeness": 4.847580598929929,
    "relevance": 3.6187805963165056,
    "clarity": 4.999933946653747,
    "fluency": 4.9998910994191395
  },
  "0072T": {
    "factual_accuracy": 2.117662990746222,
    "concept_grounding": 4.994660872247156,
    "completeness": 3.1067076176401347,
    "relevance": 1.0866774330775681,
    "clarity": 4.999820465981689,
    "fluency": 4.9999869928752245
  },
  "1zq6Y": {
    "factual_accuracy": 2.640815541860315,
    "concept_grounding": 4.996343894693815,
    "completeness": 4.928154629675316,
    "relevance": 2.8777790741732026,
    "clarity": 4.9998415525502224,
    "fluency": 4.999841540036547
  },
  "21vlh": {
    "factual_accuracy": 2.6593548906481446,
    "concept_grounding": 4.380620842452489,
    "completeness": 4.648665747882051,
    "relevance": 2.1257918639231415,
    "clarity": 4.999925148510315,
    "fluency": 4.999619980947577
  },
  "2jChu": {
    "factual_accuracy": 1.8910494955340327,
    "concept_grounding": 3.7939867491655384,
    "completeness": 3.039382476339154,
    "relevance": 2.193693317660832,
    "clarity": 4.989000876425323,
    "fluency": 4.999738775171179
  },
  "001w5": {
    "factual_accuracy": 2.4361162247216086,
    "concept_grounding": 4.1790728725000035,
    "completeness": 4.111065373418095,
    "relevance": 2.6598417179366667,
    "clarity": 4.993299661493971,
    "fluency": 4.9997965566399545
  },
  "00WTN": {
    "factual_accuracy": 2.4351845528717115,
    "concept_grounding": 4.995816787793281,
    "completeness": 4.919558794502546,
    "relevance": 2.08791032267408,
    "clarity": 4.996404730065628,
    "fluency": 4.9997965617368445
  },
  "00aDl": {
    "factual_accuracy": 4.597728211047655,
    "concept_grounding": 4.993016723857086,
    "completeness": 4.994524365858566,
    "relevance": 4.962363952954311,
    "clarity": 4.999619980947577,
    "fluency": 4.999915186746076
  },
  "0068B": {
    "factual_accuracy": 1.9401718903081198,
    "concept_grounding": 4.9984838383027785,
    "completeness": 2.507837113606685,
    "relevance": 1.411291805136224,
    "clarity": 4.999876597672278,
    "fluency": 4.999820462091757
  },
  "0088O": {
    "factual_accuracy": 2.141762513579713,
    "concept_grounding": 4.9989442244555,
    "completeness": 4.372484578602169,
    "relevance": 1.237514198733763,
    "clarity": 4.999972463847664,
    "fluency": 4.9999485558354655
  },
  "00AoZ": {
    "factual_accuracy": 2.0012600512750622,
    "concept_grounding": 4.881621642472683,
    "completeness": 2.7259383610571346,
    "relevance": 1.2529226724297708,
    "clarity": 4.997189379163669,
    "fluency": 4.9994468012134625
  },
  "00Yuf": {
    "factual_accuracy": 2.729637003553199,
    "concept_grounding": 4.997506506542099,
    "completeness": 3.885037330723694,
    "relevance": 2.534863804371207,
    "clarity": 4.999860174328733,
    "fluency": 4.999891098386045
  },
  "00zDb": {
    "factual_accuracy": 1.934450194282211,
    "concept_grounding": 4.980913826965379,
    "completeness": 2.5258244040845748,
    "relevance": 1.3871701466930626,
    "clarity": 4.999664422206084,
    "fluency": 4.99989108867055
  },